time,latitude,longitude,altitude
2021-07-14 14:17:49+00:00,37.64182769693434,-121.9224580284208,
2021-07-14 14:18:05+00:00,37.64184756204486,-121.92245408892632,340.0
2021-07-14 14:18:30+00:00,37.64184161089361,-121.92247806116939,340.0
2021-07-14 14:18:53+00:00,37.64182157814503,-121.92247009836137,340.0
2021-07-14 14:19:06+00:00,37.64180364087224,-121.92247001454234,340.0
2021-07-14 14:19:10+00:00,37.64178763143718,-121.92248401232064,340.0
2021-07-14 14:19:16+00:00,37.6417815964669,-121.92251200787723,339.0
2021-07-14 14:19:18+00:00,37.6417866256088,-121.92253899760544,339.0
2021-07-14 14:19:23+00:00,37.64178763143718,-121.92256498150527,339.0
2021-07-14 14:19:29+00:00,37.64178059063852,-121.92258903756738,338.0
2021-07-14 14:19:31+00:00,37.641770616173744,-121.92261502146721,338.0
2021-07-14 14:19:39+00:00,37.64176458120346,-121.9226379878819,336.0
2021-07-14 14:19:41+00:00,37.64175561256707,-121.92266003228724,335.0
2021-07-14 14:20:15+00:00,37.64174639247358,-121.92268559709191,333.0
2021-07-14 14:20:20+00:00,37.641741363331676,-121.92270956933498,332.0
2021-07-14 14:20:34+00:00,37.641719402745366,-121.92272063344717,331.0
2021-07-14 14:20:40+00:00,37.64170238748193,-121.92272859625518,331.0
2021-07-14 14:21:14+00:00,37.641700794920325,-121.92270470783114,328.0
2021-07-14 14:21:24+00:00,37.64168277382851,-121.92269272170961,327.0
2021-07-14 14:21:29+00:00,37.64166483655572,-121.92270873114467,326.0
2021-07-14 14:21:33+00:00,37.641656789928675,-121.92273169755936,324.0
2021-07-14 14:21:40+00:00,37.64164078049362,-121.92271870560944,323.0
2021-07-14 14:22:10+00:00,37.6416053250432,-121.92271116189659,324.0
2021-07-14 14:23:29+00:00,37.64159074053168,-121.92272616550326,326.0
2021-07-14 14:24:47+00:00,37.64158001169562,-121.922746617347,327.0
2021-07-14 14:25:47+00:00,37.641580514609814,-121.92277519963682,
2021-07-14 14:25:53+00:00,37.641562493517995,-121.92278022877872,327.0
2021-07-14 14:26:00+00:00,37.641544472426176,-121.92277930676937,327.0
2021-07-14 14:26:03+00:00,37.64152351766825,-121.9227833300829,327.0
2021-07-14 14:26:12+00:00,37.64150650240481,-121.92279732786119,
2021-07-14 14:26:21+00:00,37.641494516283274,-121.9228192884475,
2021-07-14 14:26:41+00:00,37.64149351045489,-121.92284233868122,329.0
2021-07-14 14:26:51+00:00,37.64148546382785,-121.92286631092429,328.0
2021-07-14 14:26:55+00:00,37.64146752655506,-121.92288533784449,328.0
2021-07-14 14:26:57+00:00,37.64144749380648,-121.92290629260242,327.0
2021-07-14 14:27:01+00:00,37.64142737723887,-121.92292682826519,327.0
2021-07-14 14:27:02+00:00,37.64141136780381,-121.92294082604349,327.0
2021-07-14 14:27:08+00:00,37.641391418874264,-121.92294283770025,326.0
2021-07-14 14:27:11+00:00,37.641373397782445,-121.9229538179934,326.0
2021-07-14 14:27:13+00:00,37.64136141166091,-121.92297276109457,326.0
2021-07-14 14:27:15+00:00,37.641348419710994,-121.92300276830792,325.0
2021-07-14 14:27:16+00:00,37.6413344219327,-121.92301978357136,324.0
2021-07-14 14:27:21+00:00,37.641312377527356,-121.92303881049156,
2021-07-14 14:27:23+00:00,37.6412963680923,-121.92305976524949,322.0
2021-07-14 14:27:24+00:00,37.64127641916275,-121.92306580021977,322.0
2021-07-14 14:27:27+00:00,37.64127440750599,-121.9230418279767,322.0
2021-07-14 14:27:34+00:00,37.64129444025457,-121.92305280826986,
2021-07-14 14:27:59+00:00,37.641299637034535,-121.92307761870325,322.0
2021-07-14 14:28:07+00:00,37.64131464064121,-121.92305859178305,322.0
2021-07-14 14:28:42+00:00,37.64132461510599,-121.92308256402612,321.0
2021-07-14 14:29:07+00:00,37.64130583964288,-121.92307007499039,322.0
2021-07-14 14:29:12+00:00,37.641290836036205,-121.92305305972695,
2021-07-14 14:29:16+00:00,37.64127281494439,-121.92306311801076,321.0
2021-07-14 14:29:41+00:00,37.64125579968095,-121.92307208664715,322.0
2021-07-14 14:29:49+00:00,37.641250770539045,-121.9230941310525,322.0
2021-07-14 14:29:52+00:00,37.64125378802419,-121.92312606610358,322.0
2021-07-14 14:29:55+00:00,37.64123677276075,-121.92314811050892,
2021-07-14 14:29:57+00:00,37.64122076332569,-121.92316512577236,322.0
2021-07-14 14:30:03+00:00,37.64119980856776,-121.92317711189389,322.0
2021-07-14 14:30:32+00:00,37.64121078886092,-121.92315213382244,322.0
2021-07-14 14:30:36+00:00,37.64122378081083,-121.9231300894171,322.0
2021-07-14 14:30:39+00:00,37.64123576693237,-121.92310410551727,322.0
2021-07-14 14:30:41+00:00,37.641246831044555,-121.92308407276869,
2021-07-14 14:30:43+00:00,37.64125680550933,-121.923061106354,322.0
2021-07-14 14:30:45+00:00,37.641267785802484,-121.92303906194866,321.0
2021-07-14 14:30:47+00:00,37.64127776026726,-121.92301609553397,321.0
2021-07-14 14:30:49+00:00,37.64128681272268,-121.9229921232909,321.0
2021-07-14 14:30:50+00:00,37.64129879884422,-121.92297510802746,321.0
2021-07-14 14:30:53+00:00,37.64131782576442,-121.92295809276402,320.0
2021-07-14 14:30:58+00:00,37.641376834362745,-121.92291107028723,319.0
2021-07-14 14:30:59+00:00,37.64139058068395,-121.92288491874933,319.0
2021-07-14 14:31:02+00:00,37.64139460399747,-121.92285491153598,318.0
2021-07-14 14:31:03+00:00,37.64141363091767,-121.92283093929291,318.0
2021-07-14 14:31:06+00:00,37.641430562362075,-121.9228068832308,
2021-07-14 14:31:08+00:00,37.64144657179713,-121.92277687601745,318.0
2021-07-14 14:31:10+00:00,37.641469622030854,-121.92275290377438,317.0
2021-07-14 14:31:12+00:00,37.64148755930364,-121.92273186519742,317.0
2021-07-14 14:31:14+00:00,37.64151060953736,-121.92270789295435,317.0
2021-07-14 14:31:16+00:00,37.64152661897242,-121.92268693819642,316.0
2021-07-14 14:31:18+00:00,37.64154061675072,-121.9226588588208,316.0
2021-07-14 14:31:20+00:00,37.641555620357394,-121.9226279295981,315.0
2021-07-14 14:31:22+00:00,37.64156458899379,-121.92259892821312,315.0
2021-07-14 14:31:24+00:00,37.64156257733703,-121.92256590351462,
2021-07-14 14:31:26+00:00,37.641557632014155,-121.92254293709993,315.0
2021-07-14 14:31:29+00:00,37.64156760647893,-121.92251787520945,315.0
2021-07-14 14:31:32+00:00,37.641579592600465,-121.9224979262799,315.0
2021-07-14 14:31:34+00:00,37.641578586772084,-121.92246993072331,315.0
2021-07-14 14:31:36+00:00,37.64157162979245,-121.9224429409951,315.0
2021-07-14 14:31:38+00:00,37.641561571508646,-121.9224099162966,315.0
2021-07-14 14:31:41+00:00,37.64154857955873,-121.9223858602345,315.0
2021-07-14 14:31:43+00:00,37.64153357595205,-121.92235593684018,
2021-07-14 14:31:45+00:00,37.64150759205222,-121.92233992740512,315.0
2021-07-14 14:31:47+00:00,37.64148160815239,-121.92233188077807,315.0
2021-07-14 14:31:49+00:00,37.6414586417377,-121.92232986912131,
2021-07-14 14:31:50+00:00,37.641432574018836,-121.9223359040916,314.0
2021-07-14 14:31:53+00:00,37.641408601775765,-121.9223499018699,314.0
2021-07-14 14:31:55+00:00,37.641389574855566,-121.92236088216305,314.0
2021-07-14 14:31:56+00:00,37.64136862009764,-121.9223858602345,314.0
2021-07-14 14:31:58+00:00,37.6413516048342,-121.9224051386118,314.0
2021-07-14 14:32:01+00:00,37.64133358374238,-121.92242005839944,314.0
2021-07-14 14:32:03+00:00,37.6413185801357,-121.92244210280478,314.0
2021-07-14 14:32:04+00:00,37.641303576529026,-121.92246406339109,314.0
2021-07-14 14:32:10+00:00,37.641298631206155,-121.92248510196805,313.0
2021-07-14 14:32:15+00:00,37.64130659401417,-121.92250706255436,313.0
2021-07-14 14:32:19+00:00,37.64131162315607,-121.9225380755961,
2021-07-14 14:32:22+00:00,37.64130558818579,-121.92256012000144,
2021-07-14 14:32:33+00:00,37.641302570700645,-121.92259012721479,310.0
2021-07-14 14:32:36+00:00,37.64129159040749,-121.92262306809425,309.0
2021-07-14 14:32:44+00:00,37.64130961149931,-121.92263010889292,309.0
2021-07-14 14:32:57+00:00,37.641321597620845,-121.92265106365085,307.0
2021-07-14 14:33:00+00:00,37.64132578857243,-121.92267838865519,307.0
2021-07-14 14:33:03+00:00,37.641337774693966,-121.92270143888891,306.0
2021-07-14 14:33:08+00:00,37.64135981909931,-121.92269439809024,306.0
2021-07-14 14:33:22+00:00,37.64130081050098,-121.922696409747,306.0
2021-07-14 14:33:27+00:00,37.641291841864586,-121.92272239364684,
2021-07-14 14:33:43+00:00,37.64127583242953,-121.92273639142513,
2021-07-14 14:33:52+00:00,37.64126376248896,-121.92275843583047,304.0
2021-07-14 14:33:55+00:00,37.64127977192402,-121.92277737893164,304.0
2021-07-14 14:34:00+00:00,37.64127189293504,-121.92275307141244,304.0
2021-07-14 14:34:06+00:00,37.64125093817711,-121.92276706919074,304.0
2021-07-14 14:34:09+00:00,37.64122788794339,-121.92278710193932,304.0
2021-07-14 14:34:13+00:00,37.64119888655841,-121.92279908806086,304.0
2021-07-14 14:34:21+00:00,37.641182877123356,-121.92283211275935,303.0
2021-07-14 14:34:27+00:00,37.641160916537046,-121.92284108139575,303.0
2021-07-14 14:34:29+00:00,37.641136860474944,-121.92285013385117,302.0
2021-07-14 14:34:41+00:00,37.64104390516877,-121.92284108139575,301.0
2021-07-14 14:34:47+00:00,37.641030913218856,-121.92286312580109,301.0
2021-07-14 14:34:50+00:00,37.641030913218856,-121.92288810387254,301.0
2021-07-14 14:34:53+00:00,37.6410199329257,-121.92290511913598,300.0
2021-07-14 14:35:13+00:00,37.64100291766226,-121.92292808555067,
2021-07-14 14:35:18+00:00,37.64099688269198,-121.92295809276402,
2021-07-14 14:35:29+00:00,37.6409459207207,-121.92305305972695,299.0
2021-07-14 14:35:32+00:00,37.6409128960222,-121.92306906916201,
2021-07-14 14:35:41+00:00,37.640901915729046,-121.92308809608221,
2021-07-14 14:36:20+00:00,37.64090635813773,-121.92296337336302,299.0
2021-07-14 14:36:46+00:00,37.6409044303,-121.9230243936181,300.0
2021-07-14 14:37:40+00:00,37.64091582968831,-121.92310309968889,303.0
2021-07-14 14:37:50+00:00,37.640880793333054,-121.92316713742912,
2021-07-14 14:37:59+00:00,37.64084483496845,-121.92315808497369,305.0
2021-07-14 14:38:14+00:00,37.64084282331169,-121.92318306304514,306.0
2021-07-14 14:38:21+00:00,37.640821784734726,-121.92324207164347,306.0
2021-07-14 14:38:25+00:00,37.64082580804825,-121.92327409051359,306.0
2021-07-14 14:38:37+00:00,37.64084282331169,-121.92326109856367,307.0
2021-07-14 14:38:46+00:00,37.64081281609833,-121.92328113131225,307.0
2021-07-14 14:38:57+00:00,37.640794795006514,-121.92328406497836,
2021-07-14 14:39:01+00:00,37.64077082276344,-121.92328750155866,308.0
2021-07-14 14:39:12+00:00,37.640752801671624,-121.92327853292227,309.0
2021-07-14 14:39:32+00:00,37.640734780579805,-121.92326948046684,309.0
2021-07-14 14:39:40+00:00,37.64071877114475,-121.9232854899019,309.0
2021-07-14 14:39:47+00:00,37.64070183970034,-121.92329848185182,310.0
2021-07-14 14:39:50+00:00,37.64068281278014,-121.92330250516534,310.0
2021-07-14 14:40:01+00:00,37.640664372593164,-121.92332077771425,310.0
2021-07-14 14:40:06+00:00,37.640645429492,-121.92333376966417,311.0
2021-07-14 14:40:11+00:00,37.64063537120819,-121.92335681989789,312.0
2021-07-14 14:40:16+00:00,37.64061936177313,-121.9233787804842,
2021-07-14 14:40:19+00:00,37.64060838147998,-121.9233978074044,312.0
2021-07-14 14:40:32+00:00,37.64060938730836,-121.92342479713261,312.0
2021-07-14 14:40:42+00:00,37.640598407015204,-121.92344281822443,313.0
2021-07-14 14:40:59+00:00,37.64059052802622,-121.92346528172493,312.0
2021-07-14 14:41:05+00:00,37.64058449305594,-121.92344231531024,312.0
2021-07-14 14:41:12+00:00,37.64056848362088,-121.92343234084547,312.0
2021-07-14 14:41:22+00:00,37.64053646475077,-121.9233922753483,311.0
2021-07-14 14:41:36+00:00,37.64051953330636,-121.92341633141041,
2021-07-14 14:41:38+00:00,37.64049648307264,-121.92342429421842,308.0
2021-07-14 14:41:47+00:00,37.640468487516046,-121.92344130948186,308.0
2021-07-14 14:42:07+00:00,37.64046588912606,-121.92341800779104,308.0
2021-07-14 14:42:17+00:00,37.64044091105461,-121.92341800779104,306.0
2021-07-14 14:42:19+00:00,37.64042288996279,-121.92341700196266,306.0
2021-07-14 14:42:23+00:00,37.6403999235481,-121.9234200194478,305.0
2021-07-14 14:42:26+00:00,37.64037393964827,-121.9234200194478,304.0
2021-07-14 14:42:30+00:00,37.64035390689969,-121.92341197282076,303.0
2021-07-14 14:42:43+00:00,37.64030889607966,-121.92343301139772,301.0
2021-07-14 14:42:45+00:00,37.64028693549335,-121.92342102527618,301.0
2021-07-14 14:42:49+00:00,37.640278888866305,-121.92339998669922,
2021-07-14 14:42:51+00:00,37.64029087498784,-121.92337299697101,301.0
2021-07-14 14:42:54+00:00,37.64031786471605,-121.92337098531425,300.0
2021-07-14 14:42:56+00:00,37.64034686610103,-121.92336997948587,300.0
2021-07-14 14:42:59+00:00,37.64035013504326,-121.92334709689021,300.0
2021-07-14 14:43:02+00:00,37.640332113951445,-121.92333108745515,298.0
2021-07-14 14:43:04+00:00,37.640312081202865,-121.9233251363039,297.0
2021-07-14 14:43:07+00:00,37.64028408564627,-121.92332605831325,296.0
2021-07-14 14:43:11+00:00,37.640251060947776,-121.9233251363039,
2021-07-14 14:43:15+00:00,37.640226082876325,-121.92332706414163,294.0
2021-07-14 14:43:18+00:00,37.640209067612886,-121.92331608384848,293.0
2021-07-14 14:43:21+00:00,37.64019406400621,-121.92329412326217,291.0
2021-07-14 14:43:24+00:00,37.64019305817783,-121.92326813936234,
2021-07-14 14:43:26+00:00,37.64019808731973,-121.92324307747185,291.0
2021-07-14 14:43:28+00:00,37.64019808731973,-121.92321013659239,292.0
2021-07-14 14:43:30+00:00,37.64018710702658,-121.92318406887352,292.0
2021-07-14 14:43:34+00:00,37.64018710702658,-121.92315909080207,291.0
2021-07-14 14:43:44+00:00,37.640120135620236,-121.92313210107386,289.0
2021-07-14 14:43:47+00:00,37.64010110870004,-121.92312908358872,289.0
2021-07-14 14:43:50+00:00,37.64008711092174,-121.9231990724802,287.0
2021-07-14 14:43:53+00:00,37.6400891225785,-121.92323913797736,287.0
2021-07-14 14:43:54+00:00,37.64009507372975,-121.92326612770557,287.0
2021-07-14 14:43:58+00:00,37.64010806567967,-121.92329311743379,287.0
2021-07-14 14:43:59+00:00,37.64011627994478,-121.92331566475332,287.0
2021-07-14 14:44:01+00:00,37.640114268288016,-121.92334173247218,287.0
2021-07-14 14:44:03+00:00,37.640108317136765,-121.92337366752326,287.0
2021-07-14 14:44:07+00:00,37.64009431935847,-121.92341071553528,288.0
2021-07-14 14:44:11+00:00,37.64008526690304,-121.92343167029321,288.0
2021-07-14 14:44:13+00:00,37.64007730409503,-121.92345371469855,288.0
2021-07-14 14:44:24+00:00,37.64006028883159,-121.92347274161875,
2021-07-14 14:44:27+00:00,37.64005727134645,-121.92350568249822,289.0
2021-07-14 14:44:30+00:00,37.64004930853844,-121.92353166639805,289.0
2021-07-14 14:44:32+00:00,37.64005333185196,-121.92355966195464,289.0
2021-07-14 14:44:35+00:00,37.64005433768034,-121.92358371801674,288.0
2021-07-14 14:44:39+00:00,37.64004930853844,-121.9236137252301,288.0
2021-07-14 14:44:41+00:00,37.640045285224915,-121.92363970912993,288.0
2021-07-14 14:44:51+00:00,37.64005928300321,-121.92362470552325,288.0
2021-07-14 14:45:00+00:00,37.64004930853844,-121.92364926449955,289.0
2021-07-14 14:45:08+00:00,37.64002927578986,-121.92377130500972,
2021-07-14 14:45:11+00:00,37.64001930132508,-121.92383433692157,288.0
2021-07-14 14:45:15+00:00,37.64001427218318,-121.92385629750788,288.0
2021-07-14 14:45:22+00:00,37.63999331742525,-121.92386627197266,289.0
2021-07-14 14:45:25+00:00,37.63998627662659,-121.92389527335763,289.0
2021-07-14 14:45:27+00:00,37.63998929411173,-121.9239242747426,289.0
2021-07-14 14:45:31+00:00,37.63999130576849,-121.92395428195596,
2021-07-14 14:45:33+00:00,37.63998728245497,-121.92398026585579,289.0
2021-07-14 14:45:36+00:00,37.639980325475335,-121.92400733940303,289.0
2021-07-14 14:45:40+00:00,37.6399683393538,-121.92402929998934,289.0
2021-07-14 14:45:42+00:00,37.639961298555136,-121.92405830137432,290.0
2021-07-14 14:45:44+00:00,37.639960292726755,-121.92408730275929,290.0
2021-07-14 14:45:46+00:00,37.639962304383516,-121.92411026917398,290.0
2021-07-14 14:45:49+00:00,37.63995626941323,-121.92413533106446,290.0
2021-07-14 14:45:57+00:00,37.63995727524161,-121.92416726611555,290.0
2021-07-14 14:45:58+00:00,37.639963226392865,-121.92419216036797,290.0
2021-07-14 14:46:00+00:00,37.63997320085764,-121.92422719672322,290.0
2021-07-14 14:46:03+00:00,37.639985186979175,-121.92425318062305,290.0
2021-07-14 14:46:05+00:00,37.63999516144395,-121.92428117617965,290.0
2021-07-14 14:46:07+00:00,37.640008237212896,-121.92430716007948,
2021-07-14 14:46:10+00:00,37.640006225556135,-121.9243391789496,290.0
2021-07-14 14:46:14+00:00,37.64001318253577,-121.92438720725477,290.0
2021-07-14 14:46:16+00:00,37.6400251686573,-121.9244081620127,290.0
2021-07-14 14:46:29+00:00,37.640029191970825,-121.92452223971486,
2021-07-14 14:46:33+00:00,37.64001720584929,-121.92455518059433,291.0
2021-07-14 14:46:44+00:00,37.64001620002091,-121.92465920001268,291.0
2021-07-14 14:46:56+00:00,37.64007520861924,-121.92456020973623,
2021-07-14 14:47:06+00:00,37.63999851420522,-121.92447052337229,
2021-07-14 14:47:10+00:00,37.63996247202158,-121.92448753863573,293.0
2021-07-14 14:47:15+00:00,37.63998946174979,-121.92461653612554,293.0
2021-07-14 14:47:20+00:00,37.639995496720076,-121.92473153583705,293.0
2021-07-14 14:47:24+00:00,37.63998753391206,-121.92479046061635,293.0
2021-07-14 14:47:48+00:00,37.64007051475346,-121.92477847449481,293.0
2021-07-14 14:47:57+00:00,37.64005148783326,-121.92474352195859,293.0
2021-07-14 14:47:59+00:00,37.640042435377836,-121.92471401765943,293.0
2021-07-14 14:48:00+00:00,37.64004344120622,-121.92467596381903,293.0
2021-07-14 14:48:02+00:00,37.640044363215566,-121.92464201711118,293.0
2021-07-14 14:48:04+00:00,37.64003237709403,-121.92461100406945,293.0
2021-07-14 14:48:07+00:00,37.64002642594278,-121.9245809968561,293.0
2021-07-14 14:48:08+00:00,37.64000739902258,-121.92454503849149,293.0
2021-07-14 14:48:11+00:00,37.64001242816448,-121.92452198825777,
2021-07-14 14:48:13+00:00,37.64000337570906,-121.92448896355927,293.0
2021-07-14 14:48:16+00:00,37.639996418729424,-121.92446096800268,293.0
2021-07-14 14:48:18+00:00,37.63998543843627,-121.9244319666177,293.0
2021-07-14 14:48:20+00:00,37.63998443260789,-121.92440296523273,293.0
2021-07-14 14:48:21+00:00,37.639977391809225,-121.9243769813329,293.0
2021-07-14 14:48:23+00:00,37.6399733684957,-121.92434202879667,293.0
2021-07-14 14:48:25+00:00,37.6399733684957,-121.92430900409818,293.0
2021-07-14 14:48:28+00:00,37.639978397637606,-121.92428201436996,293.0
2021-07-14 14:48:30+00:00,37.6399733684957,-121.92425200715661,293.0
2021-07-14 14:48:32+00:00,37.63996942900121,-121.92421898245811,292.0
2021-07-14 14:48:34+00:00,37.63996339403093,-121.92418302409351,292.0
2021-07-14 14:48:36+00:00,37.639959370717406,-121.92414999939501,
2021-07-14 14:48:38+00:00,37.639954425394535,-121.92412502132356,292.0
2021-07-14 14:48:40+00:00,37.639956437051296,-121.92409803159535,292.0
2021-07-14 14:48:42+00:00,37.63996238820255,-121.92407296970487,292.0
2021-07-14 14:48:44+00:00,37.63996238820255,-121.9240400288254,292.0
2021-07-14 14:48:46+00:00,37.63996037654579,-121.92400499247015,292.0
2021-07-14 14:48:49+00:00,37.63996439985931,-121.92396802827716,
2021-07-14 14:48:51+00:00,37.63996741734445,-121.92394296638668,292.0
2021-07-14 14:48:53+00:00,37.63996641151607,-121.92390499636531,292.0
2021-07-14 14:48:54+00:00,37.63997236266732,-121.9238729774952,292.0
2021-07-14 14:48:56+00:00,37.639975380152464,-121.92384598776698,291.0
2021-07-14 14:48:59+00:00,37.63998191803694,-121.92381447181106,291.0
2021-07-14 14:49:01+00:00,37.63998191803694,-121.9237844645977,291.0
2021-07-14 14:49:03+00:00,37.639977894723415,-121.92375646904111,291.0
2021-07-14 14:49:05+00:00,37.63998091220856,-121.92373048514128,291.0
2021-07-14 14:49:07+00:00,37.6399839296937,-121.92370248958468,291.0
2021-07-14 14:49:09+00:00,37.6399839296937,-121.92367348819971,291.0
2021-07-14 14:49:10+00:00,37.63998594135046,-121.92364750429988,291.0
2021-07-14 14:49:13+00:00,37.6399839296937,-121.92362252622843,291.0
2021-07-14 14:49:15+00:00,37.63998292386532,-121.92359352484345,292.0
2021-07-14 14:49:17+00:00,37.63998091220856,-121.92356452345848,292.0
2021-07-14 14:49:19+00:00,37.639978900551796,-121.92354046739638,
2021-07-14 14:49:20+00:00,37.639978900551796,-121.9235114660114,291.0
2021-07-14 14:49:22+00:00,37.63998292386532,-121.92348548211157,291.0
2021-07-14 14:49:25+00:00,37.639978900551796,-121.92346050404012,291.0
2021-07-14 14:49:26+00:00,37.63997387140989,-121.92343049682677,291.0
2021-07-14 14:49:29+00:00,37.63996691443026,-121.92340048961341,291.0
2021-07-14 14:49:31+00:00,37.639952916651964,-121.92337148822844,291.0
2021-07-14 14:49:32+00:00,37.639935901388526,-121.92334248684347,291.0
2021-07-14 14:49:35+00:00,37.63991888612509,-121.92331750877202,291.0
2021-07-14 14:49:37+00:00,37.63990388251841,-121.9232905190438,292.0
2021-07-14 14:49:39+00:00,37.63988686725497,-121.92326051183045,292.0
2021-07-14 14:49:41+00:00,37.639865912497044,-121.923235533759,291.0
2021-07-14 14:49:43+00:00,37.639848897233605,-121.92321248352528,
2021-07-14 14:49:45+00:00,37.63983590528369,-121.92319052293897,291.0
2021-07-14 14:49:46+00:00,37.6398079097271,-121.92317250184715,291.0
2021-07-14 14:49:48+00:00,37.63977589085698,-121.92316252738237,291.0
2021-07-14 14:49:51+00:00,37.63974990695715,-121.92315850406885,290.0
2021-07-14 14:49:53+00:00,37.63972392305732,-121.9231475237757,290.0
2021-07-14 14:49:55+00:00,37.63968989253044,-121.9231424946338,290.0
2021-07-14 14:49:57+00:00,37.63965988531709,-121.92314048297703,290.0
2021-07-14 14:49:59+00:00,37.63962937518954,-121.92315213382244,290.0
2021-07-14 14:50:01+00:00,37.63958335854113,-121.92316713742912,290.0
2021-07-14 14:50:05+00:00,37.639543376863,-121.92315909080207,
2021-07-14 14:50:07+00:00,37.63951940461993,-121.92317610606551,290.0
2021-07-14 14:50:09+00:00,37.63949736021459,-121.92318012937903,290.0
2021-07-14 14:50:11+00:00,37.63947741128504,-121.92319110967219,289.0
2021-07-14 14:50:13+00:00,37.639459390193224,-121.92321608774364,
2021-07-14 14:50:15+00:00,37.639436423778534,-121.92323612049222,289.0
2021-07-14 14:50:17+00:00,37.639417396858335,-121.92326411604881,289.0
2021-07-14 14:50:19+00:00,37.639399375766516,-121.92328213714063,289.0
2021-07-14 14:50:21+00:00,37.63938336633146,-121.92329714074731,
2021-07-14 14:50:23+00:00,37.63936341740191,-121.92331407219172,288.0
2021-07-14 14:50:25+00:00,37.63934439048171,-121.92333309911191,
2021-07-14 14:50:27+00:00,37.63932343572378,-121.92334709689021,
2021-07-14 14:50:28+00:00,37.63930541463196,-121.92336210049689,288.0
2021-07-14 14:50:31+00:00,37.639289405196905,-121.9233840610832,287.0
2021-07-14 14:50:32+00:00,37.63927339576185,-121.92340912297368,287.0
2021-07-14 14:50:35+00:00,37.63925537467003,-121.9234221149236,
2021-07-14 14:50:37+00:00,37.6392344199121,-121.92343913018703,287.0
2021-07-14 14:50:39+00:00,37.63920642435551,-121.92345312796533,287.0
2021-07-14 14:50:40+00:00,37.639182368293405,-121.92346410825849,287.0
2021-07-14 14:50:43+00:00,37.639160407707095,-121.92347609438002,287.0
2021-07-14 14:50:45+00:00,37.63913442380726,-121.92348707467318,287.0
2021-07-14 14:50:47+00:00,37.63910743407905,-121.92349210381508,287.0
2021-07-14 14:50:49+00:00,37.63908438384533,-121.92348808050156,287.0
2021-07-14 14:50:51+00:00,37.63906041160226,-121.9234720710665,287.0
2021-07-14 14:50:52+00:00,37.63903543353081,-121.92344508133829,287.0
2021-07-14 14:50:54+00:00,37.63902436941862,-121.92342513240874,287.0
2021-07-14 14:50:56+00:00,37.639009365811944,-121.9233980588615,287.0
2021-07-14 14:50:58+00:00,37.63899838551879,-121.92336914129555,
2021-07-14 14:51:00+00:00,37.63898480683565,-121.92334013991058,287.0
2021-07-14 14:51:02+00:00,37.638970809057355,-121.9233150780201,287.0
2021-07-14 14:51:04+00:00,37.638952787965536,-121.92328607663512,287.0
2021-07-14 14:51:06+00:00,37.63893879018724,-121.92325707525015,287.0
2021-07-14 14:51:09+00:00,37.63892479240894,-121.9232180994004,286.0
2021-07-14 14:51:11+00:00,37.63892278075218,-121.92319110967219,286.0
2021-07-14 14:51:13+00:00,37.638909788802266,-121.92316210828722,
2021-07-14 14:51:14+00:00,37.63889277353883,-121.92312807776034,286.0
2021-07-14 14:51:16+00:00,37.63887978158891,-121.92309807054698,286.0
2021-07-14 14:51:19+00:00,37.6388718187809,-121.92307108081877,286.0
2021-07-14 14:51:21+00:00,37.638863772153854,-121.9230471085757,
2021-07-14 14:51:24+00:00,37.63884977437556,-121.92301609553397,286.0
2021-07-14 14:51:26+00:00,37.638842817395926,-121.9229921232909,286.0
2021-07-14 14:51:28+00:00,37.638839799910784,-121.92296706140041,286.0
2021-07-14 14:51:30+00:00,37.63883577659726,-121.9229400716722,287.0
2021-07-14 14:51:32+00:00,37.638823790475726,-121.92291509360075,
2021-07-14 14:51:34+00:00,37.63881180435419,-121.92288609221578,287.0
2021-07-14 14:51:36+00:00,37.63880182988942,-121.92286312580109,287.0
2021-07-14 14:51:38+00:00,37.63879177160561,-121.92284208722413,287.0
2021-07-14 14:51:41+00:00,37.638777773827314,-121.9228211324662,287.0
2021-07-14 14:52:24+00:00,37.63876377604902,-121.9227986689657,287.0
2021-07-14 14:52:26+00:00,37.63873980380595,-121.92277771420777,287.0
2021-07-14 14:52:28+00:00,37.63872480019927,-121.92276069894433,287.0
2021-07-14 14:52:30+00:00,37.63870476745069,-121.92273966036737,
2021-07-14 14:52:32+00:00,37.638671826571226,-121.92271267063916,
2021-07-14 14:52:33+00:00,37.63865279965103,-121.92269967868924,287.0
2021-07-14 14:52:34+00:00,37.63863276690245,-121.92268869839609,287.0
2021-07-14 14:52:36+00:00,37.63860083185136,-121.92267067730427,
2021-07-14 14:52:37+00:00,37.63858783990145,-121.92265366204083,287.0
2021-07-14 14:52:38+00:00,37.63857283629477,-121.92263572476804,
2021-07-14 14:52:40+00:00,37.63854484073818,-121.92260571755469,287.0
2021-07-14 14:52:42+00:00,37.638519778847694,-121.92257671616971,286.0
2021-07-14 14:52:44+00:00,37.63849077746272,-121.92256473004818,286.0
2021-07-14 14:52:46+00:00,37.638454819098115,-121.9225497264415,
2021-07-14 14:52:49+00:00,37.63841483741999,-121.9225256703794,
2021-07-14 14:52:50+00:00,37.63839882798493,-121.92251368425786,285.0
2021-07-14 14:52:52+00:00,37.638372760266066,-121.922508738935,285.0
2021-07-14 14:52:54+00:00,37.63835582882166,-121.92252273671329,
2021-07-14 14:52:56+00:00,37.63834183104336,-121.9225396681577,285.0
2021-07-14 14:53:03+00:00,37.63833546079695,-121.92251762375236,286.0
2021-07-14 14:53:07+00:00,37.63830847106874,-121.92251862958074,285.0
2021-07-14 14:53:09+00:00,37.63828952796757,-121.92252960987389,285.0
2021-07-14 14:53:11+00:00,37.63826346024871,-121.92253363318741,
2021-07-14 14:53:13+00:00,37.6382414996624,-121.92253363318741,286.0
2021-07-14 14:53:15+00:00,37.63821652159095,-121.92253363318741,286.0
2021-07-14 14:53:17+00:00,37.638186514377594,-121.92255056463182,286.0
2021-07-14 14:53:25+00:00,37.63811350800097,-121.92262063734233,287.0
2021-07-14 14:53:27+00:00,37.63809448108077,-121.92262960597873,287.0
2021-07-14 14:53:29+00:00,37.63807252049446,-121.9226395804435,287.0
2021-07-14 14:53:32+00:00,37.6380514819175,-121.92264360375702,287.0
2021-07-14 14:53:38+00:00,37.63800647109747,-121.92270261235535,288.0
2021-07-14 14:53:40+00:00,37.6379875279963,-121.9227135926485,
2021-07-14 14:53:44+00:00,37.63794553466141,-121.92273756489158,288.0
2021-07-14 14:53:48+00:00,37.637899518013,-121.92274963483214,
2021-07-14 14:53:50+00:00,37.6378804910928,-121.92275659181178,288.0
2021-07-14 14:53:52+00:00,37.63785651884973,-121.92275458015501,288.0
2021-07-14 14:53:54+00:00,37.63783346861601,-121.92275960929692,289.0
2021-07-14 14:53:55+00:00,37.6378115080297,-121.92276262678206,289.0
2021-07-14 14:53:58+00:00,37.63778652995825,-121.92276262678206,289.0
2021-07-14 14:54:01+00:00,37.63774621300399,-121.92276732064784,289.0
2021-07-14 14:54:03+00:00,37.6377182174474,-121.92276832647622,289.0
2021-07-14 14:54:05+00:00,37.6376941613853,-121.92275927402079,290.0
2021-07-14 14:54:06+00:00,37.63767320662737,-121.92274728789926,290.0
2021-07-14 14:54:09+00:00,37.63765116222203,-121.92273027263582,290.0
2021-07-14 14:54:10+00:00,37.63763817027211,-121.92270831204951,290.0
2021-07-14 14:54:13+00:00,37.637624172493815,-121.92268626764417,290.0
2021-07-14 14:54:15+00:00,37.63760916888714,-121.92266128957272,290.0
2021-07-14 14:54:16+00:00,37.63760321773589,-121.92263027653098,290.0
2021-07-14 14:54:19+00:00,37.637601206079125,-121.92260127514601,290.0
2021-07-14 14:54:22+00:00,37.63759315945208,-121.9225742854178,289.0
2021-07-14 14:54:24+00:00,37.637575222179294,-121.9225552584976,289.0
2021-07-14 14:54:26+00:00,37.63756223022938,-121.92252927459776,289.0
2021-07-14 14:54:29+00:00,37.63754622079432,-121.9224963337183,289.0
2021-07-14 14:54:31+00:00,37.637536162510514,-121.9224683381617,
2021-07-14 14:54:33+00:00,37.637537168338895,-121.92244227044284,288.0
2021-07-14 14:54:37+00:00,37.63753121718764,-121.92241226322949,288.0
2021-07-14 14:54:39+00:00,37.63750623911619,-121.92239030264318,287.0
2021-07-14 14:54:41+00:00,37.637494169175625,-121.92237127572298,287.0
2021-07-14 14:54:43+00:00,37.63748318888247,-121.92234629765153,287.0
2021-07-14 14:54:45+00:00,37.63746818527579,-121.92233028821647,287.0
2021-07-14 14:54:47+00:00,37.63745821081102,-121.92230531014502,287.0
2021-07-14 14:54:49+00:00,37.6374452188611,-121.92227832041681,287.0
2021-07-14 14:54:50+00:00,37.6374401897192,-121.9222542643547,287.0
2021-07-14 14:54:53+00:00,37.63743616640568,-121.92222928628325,286.0
2021-07-14 14:54:59+00:00,37.63740976341069,-121.92212669178843,285.0
2021-07-14 14:55:03+00:00,37.637403812259436,-121.92210171371698,285.0
2021-07-14 14:55:06+00:00,37.63738981448114,-121.92207572981715,285.0
2021-07-14 14:55:08+00:00,37.637380762025714,-121.92205368541181,285.0
2021-07-14 14:55:10+00:00,37.63737078756094,-121.92203273065388,
2021-07-14 14:55:13+00:00,37.637359807267785,-121.92200574092567,
2021-07-14 14:55:16+00:00,37.637341786175966,-121.92199266515672,285.0
2021-07-14 14:55:29+00:00,37.63734782114625,-121.92202367819846,284.0
2021-07-14 14:55:31+00:00,37.63734882697463,-121.92205066792667,
2021-07-14 14:55:33+00:00,37.63735083863139,-121.92208369262516,284.0
2021-07-14 14:55:36+00:00,37.63735276646912,-121.92213272675872,284.0
2021-07-14 14:55:38+00:00,37.63736282475293,-121.9221646618098,284.0
2021-07-14 14:55:40+00:00,37.63737179338932,-121.92219072952867,284.0
2021-07-14 14:55:42+00:00,37.63738579116762,-121.92221369594336,284.0
2021-07-14 14:55:44+00:00,37.63738981448114,-121.9222386740148,
2021-07-14 14:55:46+00:00,37.63739475980401,-121.92226474173367,284.0
2021-07-14 14:55:48+00:00,37.637401800602674,-121.9222907256335,284.0
2021-07-14 14:55:50+00:00,37.63740884140134,-121.9223187211901,
2021-07-14 14:55:52+00:00,37.63741781003773,-121.92234369926155,285.0
2021-07-14 14:55:54+00:00,37.637426778674126,-121.92236767150462,286.0
2021-07-14 14:55:55+00:00,37.63743583112955,-121.92238871008158,286.0
2021-07-14 14:55:57+00:00,37.6374417822808,-121.92241268232465,286.0
2021-07-14 14:55:59+00:00,37.63744412921369,-121.92244126461446,286.0
2021-07-14 14:56:02+00:00,37.6374470628798,-121.92246632650495,286.0
2021-07-14 14:56:04+00:00,37.63745108619332,-121.92249029874802,287.0
2021-07-14 14:56:07+00:00,37.63746709562838,-121.92251829430461,287.0
2021-07-14 14:56:09+00:00,37.637477070093155,-121.92253732122481,287.0
2021-07-14 14:56:12+00:00,37.63749006204307,-121.92256732843816,
2021-07-14 14:56:14+00:00,37.63750313781202,-121.92259029485285,288.0
2021-07-14 14:56:16+00:00,37.637519063428044,-121.92260831594467,288.0
2021-07-14 14:56:18+00:00,37.63753708451986,-121.92262231372297,288.0
2021-07-14 14:56:21+00:00,37.63755309395492,-121.9226482976228,288.0
2021-07-14 14:56:23+00:00,37.63756709173322,-121.92266631871462,288.0
2021-07-14 14:56:25+00:00,37.637583101168275,-121.92267830483615,289.0
2021-07-14 14:56:46+00:00,37.637646133080125,-121.92269230261445,289.0
2021-07-14 14:56:47+00:00,37.6376561075449,-121.92271132953465,289.0
2021-07-14 14:56:50+00:00,37.6376611366868,-121.92274033091962,289.0
2021-07-14 14:56:52+00:00,37.63767706230283,-121.92275332286954,289.0
2021-07-14 14:56:55+00:00,37.637692065909505,-121.9227722659707,289.0
2021-07-14 14:56:58+00:00,37.637714110314846,-121.92278827540576,289.0
2021-07-14 14:57:00+00:00,37.63773447833955,-121.92279531620443,
2021-07-14 14:57:03+00:00,37.63776549138129,-121.92279330454767,
2021-07-14 14:57:11+00:00,37.63785651884973,-121.92280730232596,289.0
2021-07-14 14:57:12+00:00,37.63788250274956,-121.92279632203281,289.0
2021-07-14 14:57:15+00:00,37.637910498306155,-121.92278827540576,289.0
2021-07-14 14:57:17+00:00,37.63793849386275,-121.9227722659707,
2021-07-14 14:57:19+00:00,37.6379634719342,-121.92276027984917,289.0
2021-07-14 14:57:21+00:00,37.6379875279963,-121.92275432869792,289.0
2021-07-14 14:57:23+00:00,37.63801250606775,-121.92274628207088,289.0
2021-07-14 14:57:25+00:00,37.638038489967585,-121.92273932509124,
2021-07-14 14:57:27+00:00,37.638057516887784,-121.92273329012096,288.0
2021-07-14 14:57:30+00:00,37.63807746581733,-121.92271828651428,287.0
2021-07-14 14:57:33+00:00,37.63809347525239,-121.92270227707922,
2021-07-14 14:57:55+00:00,37.63808651827276,-121.92263731732965,287.0
2021-07-14 14:58:07+00:00,37.638097163289785,-121.92261829040945,287.0
2021-07-14 14:58:11+00:00,37.63806916773319,-121.9226123392582,287.0
2021-07-14 14:58:13+00:00,37.63803320936859,-121.9226342998445,287.0
2021-07-14 14:58:20+00:00,37.63794721104205,-121.92269632592797,
2021-07-14 14:58:22+00:00,37.637923238798976,-121.92270831204951,288.0
2021-07-14 14:58:24+00:00,37.63789515942335,-121.92271627485752,288.0
2021-07-14 14:58:26+00:00,37.63786917552352,-121.9227223098278,288.0
2021-07-14 14:58:29+00:00,37.637813184410334,-121.92273027263582,289.0
2021-07-14 14:58:31+00:00,37.63778619468212,-121.92272926680744,290.0
2021-07-14 14:58:34+00:00,37.63775819912553,-121.9227312784642,290.0
2021-07-14 14:58:36+00:00,37.63773523271084,-121.92272532731295,
2021-07-14 14:58:37+00:00,37.63771519996226,-121.9227172806859,290.0
2021-07-14 14:58:40+00:00,37.637688210234046,-121.92271132953465,290.0
2021-07-14 14:58:42+00:00,37.637663232162595,-121.92268433980644,290.0
2021-07-14 14:58:43+00:00,37.63764018192887,-121.92265533842146,290.0
2021-07-14 14:58:45+00:00,37.637623166665435,-121.92264033481479,290.0
2021-07-14 14:58:48+00:00,37.63760916888714,-121.92260932177305,290.0
2021-07-14 14:58:50+00:00,37.637599194422364,-121.92258828319609,290.0
2021-07-14 14:58:52+00:00,37.63758620247245,-121.92256632260978,
2021-07-14 14:58:53+00:00,37.637576228007674,-121.92254033870995,289.0
2021-07-14 14:58:55+00:00,37.63756918720901,-121.9225132651627,289.0
2021-07-14 14:58:59+00:00,37.63755368068814,-121.92248728126287,289.0
2021-07-14 14:59:01+00:00,37.63754471205175,-121.92245526239276,289.0
2021-07-14 14:59:04+00:00,37.637533731758595,-121.92243129014969,288.0
2021-07-14 14:59:05+00:00,37.63752467930317,-121.92241134122014,288.0
2021-07-14 14:59:07+00:00,37.63750967569649,-121.92237429320812,288.0
2021-07-14 14:59:10+00:00,37.63750171288848,-121.92234730347991,287.0
2021-07-14 14:59:12+00:00,37.637491738423705,-121.92231930792332,287.0
2021-07-14 14:59:13+00:00,37.63748067431152,-121.92228829488158,287.0
2021-07-14 14:59:16+00:00,37.637471705675125,-121.92226029932499,
2021-07-14 14:59:18+00:00,37.63745971955359,-121.92224127240479,286.0
2021-07-14 14:59:20+00:00,37.63744169846177,-121.92221227101982,285.0
2021-07-14 14:59:21+00:00,37.637429712340236,-121.92218628711998,285.0
2021-07-14 14:59:24+00:00,37.63741470873356,-121.92215627990663,285.0
2021-07-14 14:59:26+00:00,37.63739970512688,-121.92212828435004,285.0
2021-07-14 14:59:28+00:00,37.63738973066211,-121.92210632376373,285.0
2021-07-14 14:59:31+00:00,37.63737372122705,-121.92207631655037,285.0
2021-07-14 14:59:33+00:00,37.637362740933895,-121.92205226048827,
2021-07-14 14:59:35+00:00,37.63735368847847,-121.92202233709395,284.0
2021-07-14 14:59:37+00:00,37.637341702356935,-121.92198730073869,284.0
2021-07-14 14:59:39+00:00,37.6373297162354,-121.9219542760402,284.0
2021-07-14 14:59:41+00:00,37.63731672428548,-121.92192326299846,
2021-07-14 14:59:43+00:00,37.63730473816395,-121.92188931629062,284.0
2021-07-14 14:59:47+00:00,37.63729467988014,-121.92185629159212,284.0
2021-07-14 14:59:50+00:00,37.63728470541537,-121.92181128077209,284.0
2021-07-14 14:59:51+00:00,37.637279676273465,-121.92178730852902,284.0
2021-07-14 14:59:53+00:00,37.63727070763707,-121.92174229770899,284.0
2021-07-14 14:59:55+00:00,37.63726467266679,-121.92170332185924,
2021-07-14 14:59:57+00:00,37.637258721515536,-121.92166132852435,284.0
2021-07-14 14:59:59+00:00,37.63725897297263,-121.92162645980716,283.0
2021-07-14 15:00:01+00:00,37.63725897297263,-121.92159452475607,283.0
2021-07-14 15:00:03+00:00,37.637266013771296,-121.92155848257244,
2021-07-14 15:00:05+00:00,37.63727003708482,-121.92152453586459,283.0
2021-07-14 15:00:08+00:00,37.63727297075093,-121.92150148563087,283.0
2021-07-14 15:00:20+00:00,37.63727397657931,-121.92146653309464,283.0
2021-07-14 15:00:22+00:00,37.63727799989283,-121.92143149673939,283.0
2021-07-14 15:00:24+00:00,37.63727297075093,-121.92139646038413,283.0
2021-07-14 15:00:26+00:00,37.63727297075093,-121.92136452533305,
2021-07-14 15:00:27+00:00,37.63727003708482,-121.92133552394807,283.0
2021-07-14 15:00:29+00:00,37.63727397657931,-121.92130451090634,283.0
2021-07-14 15:00:32+00:00,37.63727397657931,-121.92127148620784,283.0
2021-07-14 15:00:36+00:00,37.637262996286154,-121.92123552784324,
2021-07-14 15:00:38+00:00,37.63725696131587,-121.9211994856596,283.0
2021-07-14 15:00:39+00:00,37.637243969365954,-121.92117551341653,283.0
2021-07-14 15:00:42+00:00,37.63722896575928,-121.9211445003748,283.0
2021-07-14 15:00:44+00:00,37.63721496798098,-121.92111751064658,282.0
2021-07-14 15:00:46+00:00,37.637199964374304,-121.92109052091837,282.0
2021-07-14 15:00:48+00:00,37.63718596659601,-121.92106646485627,282.0
2021-07-14 15:00:50+00:00,37.63717196881771,-121.92103251814842,282.0
2021-07-14 15:00:52+00:00,37.637154031544924,-121.92100251093507,
2021-07-14 15:00:54+00:00,37.637136010453105,-121.92097753286362,282.0
2021-07-14 15:00:56+00:00,37.63712100684643,-121.92096252925694,280.0
2021-07-14 15:00:58+00:00,37.63711002655327,-121.92094450816512,280.0
2021-07-14 15:01:00+00:00,37.63709468767047,-121.92092212848365,280.0
2021-07-14 15:01:02+00:00,37.63707666657865,-121.92089513875544,
2021-07-14 15:01:04+00:00,37.63705370016396,-121.92086907103658,280.0
2021-07-14 15:01:05+00:00,37.63704473152757,-121.92084811627865,
2021-07-14 15:01:07+00:00,37.63702570460737,-121.92081106826663,280.0
2021-07-14 15:01:09+00:00,37.63701271265745,-121.92078609019518,280.0
2021-07-14 15:01:11+00:00,37.636998714879155,-121.92076513543725,
2021-07-14 15:01:13+00:00,37.63698371127248,-121.92074007354677,280.0
2021-07-14 15:01:15+00:00,37.63696770183742,-121.92071811296046,279.0
2021-07-14 15:01:21+00:00,37.636910704895854,-121.92062708549201,279.0
2021-07-14 15:01:28+00:00,37.63685370795429,-121.92052910104394,278.0
2021-07-14 15:01:36+00:00,37.63681070879102,-121.92046414129436,276.0
2021-07-14 15:01:42+00:00,37.63677567243576,-121.92042809911072,
2021-07-14 15:01:43+00:00,37.636763686314225,-121.9204100780189,276.0
2021-07-14 15:01:44+00:00,37.63674868270755,-121.92039608024061,276.0
2021-07-14 15:01:46+00:00,37.63671766966581,-121.92039113491774,276.0
2021-07-14 15:01:55+00:00,37.63662471435964,-121.92038711160421,277.0
2021-07-14 15:01:58+00:00,37.63659470714629,-121.92037311382592,278.0
2021-07-14 15:02:05+00:00,37.63650116510689,-121.92030496895313,278.0
2021-07-14 15:02:12+00:00,37.6364092156291,-121.9202789850533,279.0
2021-07-14 15:02:19+00:00,37.636352218687534,-121.92026398144662,278.0
2021-07-14 15:02:25+00:00,37.63633822090924,-121.92029197700322,278.0
2021-07-14 15:02:28+00:00,37.636308213695884,-121.9202789850533,278.0
2021-07-14 15:02:30+00:00,37.636291198432446,-121.92027202807367,
2021-07-14 15:02:32+00:00,37.636271165683866,-121.92026901058853,278.0
2021-07-14 15:02:42+00:00,37.636183239519596,-121.92023900337517,277.0
2021-07-14 15:02:45+00:00,37.63615817762911,-121.92023003473878,277.0
2021-07-14 15:02:57+00:00,37.636074190959334,-121.92018100060523,277.0
2021-07-14 15:03:04+00:00,37.63602951541543,-121.92017320543528,
2021-07-14 15:03:22+00:00,37.63600646518171,-121.92016717046499,
2021-07-14 15:03:24+00:00,37.63598249293864,-121.92017018795013,
2021-07-14 15:03:27+00:00,37.63596153818071,-121.9201721996069,278.0
2021-07-14 15:03:44+00:00,37.63602850958705,-121.92019717767835,277.0
2021-07-14 15:04:22+00:00,37.63613152317703,-121.92021972499788,277.0
2021-07-14 15:06:14+00:00,37.63604116626084,-121.92023598589003,278.0
2021-07-14 15:07:05+00:00,37.63605600222945,-121.92021536640823,278.0
2021-07-14 15:07:10+00:00,37.636061031371355,-121.92019239999354,278.0
2021-07-14 15:07:19+00:00,37.63605298474431,-121.92016742192209,278.0
2021-07-14 15:07:35+00:00,37.636040998622775,-121.92020740360022,278.0
2021-07-14 15:07:37+00:00,37.63606798835099,-121.92021938972175,279.0
2021-07-14 15:07:39+00:00,37.63609196059406,-121.92023439332843,278.0
2021-07-14 15:07:41+00:00,37.63610998168588,-121.92025735974312,277.0
2021-07-14 15:07:43+00:00,37.6361330319196,-121.92026138305664,277.0
2021-07-14 15:07:45+00:00,37.63614401221275,-121.92028141580522,277.0
2021-07-14 15:07:47+00:00,37.636169996112585,-121.92029239609838,277.0
2021-07-14 15:07:49+00:00,37.636193968355656,-121.92029340192676,277.0
2021-07-14 15:07:51+00:00,37.636215006932616,-121.92030639387667,277.0
2021-07-14 15:07:53+00:00,37.636234033852816,-121.92032039165497,277.0
2021-07-14 15:07:55+00:00,37.636257000267506,-121.92032542079687,277.0
2021-07-14 15:07:59+00:00,37.63627418316901,-121.92033271305263,278.0
2021-07-14 15:08:01+00:00,37.63629823923111,-121.92033866420388,278.0
2021-07-14 15:08:03+00:00,37.63631718233228,-121.92034469917417,278.0
2021-07-14 15:08:05+00:00,37.63633620925248,-121.92035073414445,
2021-07-14 15:08:07+00:00,37.636355236172676,-121.9203566852957,278.0
2021-07-14 15:08:09+00:00,37.63637920841575,-121.9203617144376,
2021-07-14 15:08:11+00:00,37.63639924116433,-121.92037872970104,278.0
2021-07-14 15:08:13+00:00,37.63642421923578,-121.9203947391361,278.0
2021-07-14 15:08:20+00:00,37.63651918619871,-121.9204087369144,278.0
2021-07-14 15:08:27+00:00,37.63660518452525,-121.92044570110738,278.0
2021-07-14 15:08:35+00:00,37.63669420033693,-121.92049574106932,278.0
2021-07-14 15:08:43+00:00,37.63679117895663,-121.9205327052623,276.0
2021-07-14 15:08:50+00:00,37.63684323057532,-121.92063571885228,276.0
2021-07-14 15:08:57+00:00,37.63689519837499,-121.9207316916436,
2021-07-14 15:09:05+00:00,37.63696719892323,-121.92081710323691,
2021-07-14 15:09:12+00:00,37.637021178379655,-121.92091609351337,
2021-07-14 15:09:20+00:00,37.637083204463124,-121.92101206630468,281.0
2021-07-14 15:09:28+00:00,37.63715419918299,-121.92109010182321,281.0
2021-07-14 15:09:37+00:00,37.63722117058933,-121.92117610014975,282.0
2021-07-14 15:09:42+00:00,37.63724019750953,-121.92124307155609,282.0
2021-07-14 15:09:44+00:00,37.63724120333791,-121.92127710208297,
2021-07-14 15:09:46+00:00,37.63724723830819,-121.92131507210433,
2021-07-14 15:09:53+00:00,37.63724321499467,-121.92142713814974,282.0
2021-07-14 15:09:56+00:00,37.63722921721637,-121.9214791059494,282.0
2021-07-14 15:09:58+00:00,37.637232234701514,-121.92151707597077,282.0
2021-07-14 15:10:00+00:00,37.637234665453434,-121.92154507152736,282.0
2021-07-14 15:10:02+00:00,37.63723072595894,-121.92157306708395,
2021-07-14 15:10:04+00:00,37.63722871430218,-121.92160307429731,282.0
2021-07-14 15:10:06+00:00,37.6372277084738,-121.92163006402552,282.0
2021-07-14 15:10:08+00:00,37.63723072595894,-121.92166007123888,
2021-07-14 15:10:10+00:00,37.63722368516028,-121.92169410176575,283.0
2021-07-14 15:10:13+00:00,37.6372226793319,-121.92173006013036,283.0
2021-07-14 15:10:15+00:00,37.63722469098866,-121.921766102314,283.0
2021-07-14 15:10:17+00:00,37.63722670264542,-121.92179711535573,283.0
2021-07-14 15:10:19+00:00,37.63722368516028,-121.92182812839746,283.0
2021-07-14 15:10:21+00:00,37.63723365962505,-121.92185813561082,283.0
2021-07-14 15:10:24+00:00,37.637246735394,-121.92190708592534,283.0
2021-07-14 15:10:26+00:00,37.637258721515536,-121.92193105816841,283.0
2021-07-14 15:10:28+00:00,37.63726567849517,-121.92195712588727,283.0
2021-07-14 15:10:30+00:00,37.63726668432355,-121.9219920784235,
2021-07-14 15:10:32+00:00,37.63726869598031,-121.92202610895038,283.0
2021-07-14 15:10:34+00:00,37.637275736778975,-121.92204907536507,283.0
2021-07-14 15:10:36+00:00,37.63729467988014,-121.9220750592649,283.0
2021-07-14 15:10:38+00:00,37.63730867765844,-121.92210506647825,
2021-07-14 15:10:40+00:00,37.637317730113864,-121.92213607951999,284.0
2021-07-14 15:10:42+00:00,37.63733466155827,-121.92216608673334,284.0
2021-07-14 15:10:43+00:00,37.63735167682171,-121.92218611948192,284.0
2021-07-14 15:10:46+00:00,37.637364668771625,-121.92221411503851,
2021-07-14 15:10:48+00:00,37.63738067820668,-121.92224009893835,284.0
2021-07-14 15:10:50+00:00,37.6373936701566,-121.92226608283818,284.0
2021-07-14 15:10:52+00:00,37.63740071095526,-121.9222981017083,285.0
2021-07-14 15:10:54+00:00,37.637410685420036,-121.92232609726489,
2021-07-14 15:10:56+00:00,37.63742065988481,-121.922358116135,285.0
2021-07-14 15:10:59+00:00,37.637431723997,-121.92240840755403,285.0
2021-07-14 15:11:01+00:00,37.63743767514825,-121.9224424380809,285.0
2021-07-14 15:11:03+00:00,37.63744471594691,-121.92246942780912,286.0
2021-07-14 15:11:05+00:00,37.63746072538197,-121.92249641753733,286.0
2021-07-14 15:11:07+00:00,37.637473717331886,-121.9225203897804,286.0
2021-07-14 15:11:09+00:00,37.6374867092818,-121.9225394167006,287.0
2021-07-14 15:11:11+00:00,37.637492660433054,-121.92256439477205,287.0
2021-07-14 15:11:13+00:00,37.63750665821135,-121.92258342169225,288.0
2021-07-14 15:11:15+00:00,37.63751872815192,-121.9226033706218,
2021-07-14 15:11:17+00:00,37.63753172010183,-121.92262340337038,288.0
2021-07-14 15:11:19+00:00,37.63754270039499,-121.92264737561345,288.0
2021-07-14 15:11:21+00:00,37.63755468651652,-121.92267335951328,288.0
2021-07-14 15:11:23+00:00,37.63756767846644,-121.92270043306053,
2021-07-14 15:11:25+00:00,37.63758469372988,-121.92272339947522,288.0
2021-07-14 15:11:27+00:00,37.637600703164935,-121.92274443805218,288.0
2021-07-14 15:11:29+00:00,37.63761771842837,-121.92276740446687,288.0
2021-07-14 15:11:31+00:00,37.63763372786343,-121.92278743721545,289.0
2021-07-14 15:11:33+00:00,37.63765166513622,-121.922807386145,
2021-07-14 15:11:35+00:00,37.63767966069281,-121.92281736060977,289.0
2021-07-14 15:11:39+00:00,37.63770271092653,-121.92282037809491,289.0
2021-07-14 15:11:41+00:00,37.63772467151284,-121.92282540723681,289.0
2021-07-14 15:11:43+00:00,37.637749733403325,-121.92283135838807,288.0
2021-07-14 15:11:47+00:00,37.63780471868813,-121.92282540723681,288.0
2021-07-14 15:11:49+00:00,37.63782466761768,-121.92281442694366,288.0
2021-07-14 15:11:51+00:00,37.63785174116492,-121.922807386145,288.0
2021-07-14 15:11:53+00:00,37.637878730893135,-121.92279640585184,
2021-07-14 15:11:54+00:00,37.637901697307825,-121.92279439419508,288.0
2021-07-14 15:11:56+00:00,37.63792868703604,-121.92278542555869,
2021-07-14 15:11:58+00:00,37.63795970007777,-121.92278039641678,288.0
2021-07-14 15:12:00+00:00,37.637986270710826,-121.92277486436069,288.0
2021-07-14 15:12:02+00:00,37.6380152720958,-121.9227658957243,
2021-07-14 15:12:04+00:00,37.63803329318762,-121.9227468688041,288.0
2021-07-14 15:12:06+00:00,37.63805625960231,-121.92273488268256,287.0
2021-07-14 15:12:08+00:00,37.63808727264404,-121.92272088490427,286.0
2021-07-14 15:12:10+00:00,37.63811334036291,-121.92270588129759,286.0
2021-07-14 15:12:12+00:00,37.63813932426274,-121.9226969126612,286.0
2021-07-14 15:12:15+00:00,37.6381912920624,-121.92267486825585,
2021-07-14 15:12:17+00:00,37.638221299275756,-121.92265986464918,285.0
2021-07-14 15:12:19+00:00,37.63824828900397,-121.92264293320477,285.0
2021-07-14 15:12:21+00:00,37.6382742729038,-121.92263186909258,285.0
2021-07-14 15:12:23+00:00,37.63830327428877,-121.92262290045619,
2021-07-14 15:12:25+00:00,37.638329258188605,-121.9226168654859,284.0
2021-07-14 15:12:27+00:00,37.63835733756423,-121.92261787131429,284.0
2021-07-14 15:12:29+00:00,37.63838533312082,-121.9226089026779,284.0
2021-07-14 15:12:31+00:00,37.638412322849035,-121.92260588519275,284.0
2021-07-14 15:12:33+00:00,37.63843931257725,-121.92261091433465,
2021-07-14 15:12:35+00:00,37.63846026733518,-121.92261887714267,
2021-07-14 15:12:37+00:00,37.638479294255376,-121.92262491211295,
2021-07-14 15:12:39+00:00,37.63850427232683,-121.92262893542647,284.0
2021-07-14 15:12:41+00:00,37.63852933421731,-121.92264192737639,284.0
2021-07-14 15:12:43+00:00,37.63854928314686,-121.92266187630594,284.0
2021-07-14 15:12:51+00:00,37.638628324493766,-121.92272390238941,285.0
2021-07-14 15:12:56+00:00,37.63867928646505,-121.92277687601745,
2021-07-14 15:12:58+00:00,37.638694290071726,-121.92279892042279,285.0
2021-07-14 15:13:01+00:00,37.638716166839004,-121.92282750271261,285.0
2021-07-14 15:13:04+00:00,37.63874122872949,-121.92287050187588,
2021-07-14 15:13:06+00:00,37.63875220902264,-121.92289749160409,285.0
2021-07-14 15:13:08+00:00,37.63875816017389,-121.92292146384716,285.0
2021-07-14 15:13:12+00:00,37.63877618126571,-121.92298751324415,285.0
2021-07-14 15:13:14+00:00,37.63878917321563,-121.92301450297236,285.0
2021-07-14 15:13:15+00:00,37.63879621401429,-121.92303554154932,
2021-07-14 15:13:21+00:00,37.63883820734918,-121.9231424946338,285.0
2021-07-14 15:13:23+00:00,37.638847175985575,-121.92317149601877,
2021-07-14 15:13:25+00:00,37.63885421678424,-121.92319253459573,
2021-07-14 15:13:31+00:00,37.63889419846237,-121.92330552265048,285.0
2021-07-14 15:13:37+00:00,37.63893116265535,-121.9233874976635,
2021-07-14 15:13:39+00:00,37.63894918374717,-121.92340551875532,286.0
2021-07-14 15:13:40+00:00,37.63895915821195,-121.92342949099839,286.0
2021-07-14 15:13:43+00:00,37.63897919096053,-121.9234475120902,286.0
2021-07-14 15:13:45+00:00,37.638995200395584,-121.9234704785049,
2021-07-14 15:13:47+00:00,37.63900718651712,-121.92348849959671,286.0
2021-07-14 15:13:49+00:00,37.63902520760894,-121.92350752651691,286.0
2021-07-14 15:13:51+00:00,37.63905119150877,-121.92352948710322,286.0
2021-07-14 15:13:53+00:00,37.6390771754086,-121.92354650236666,286.0
2021-07-14 15:13:55+00:00,37.63909821398556,-121.92355949431658,286.0
2021-07-14 15:13:57+00:00,37.63911916874349,-121.92356754094362,286.0
2021-07-14 15:14:02+00:00,37.63920231722295,-121.92353342659771,287.0
2021-07-14 15:14:04+00:00,37.639229306951165,-121.92351439967752,287.0
2021-07-14 15:14:06+00:00,37.639253279194236,-121.9234963785857,287.0
2021-07-14 15:14:08+00:00,37.639273311942816,-121.92347936332226,287.0
2021-07-14 15:14:10+00:00,37.639290327206254,-121.9234543852508,287.0
2021-07-14 15:14:12+00:00,37.63931932859123,-121.92342538386583,287.0
2021-07-14 15:14:14+00:00,37.63934430666268,-121.92340937443078,287.0
2021-07-14 15:14:16+00:00,37.639357298612595,-121.92338238470256,287.0
2021-07-14 15:14:18+00:00,37.63937431387603,-121.92335539497435,287.0
2021-07-14 15:14:20+00:00,37.63939526863396,-121.923325387761,288.0
2021-07-14 15:14:25+00:00,37.639462323859334,-121.92327643744648,
2021-07-14 15:14:33+00:00,37.639553267508745,-121.92322740331292,289.0
2021-07-14 15:14:38+00:00,37.63960431329906,-121.92319739609957,289.0
2021-07-14 15:14:40+00:00,37.63962727971375,-121.92319236695766,289.0
2021-07-14 15:14:43+00:00,37.63965326361358,-121.92319437861443,289.0
2021-07-14 15:14:45+00:00,37.63967329636216,-121.92319437861443,289.0
2021-07-14 15:14:52+00:00,37.63977530412376,-121.92319337278605,289.0
2021-07-14 15:14:58+00:00,37.63986431993544,-121.92320636473596,289.0
2021-07-14 15:15:04+00:00,37.639945205301046,-121.92315632477403,289.0
2021-07-14 15:15:09+00:00,37.640009159222245,-121.92313226871192,
2021-07-14 15:15:18+00:00,37.64008216559887,-121.92309027537704,289.0
2021-07-14 15:15:20+00:00,37.64010119251907,-121.92309329286218,289.0
2021-07-14 15:15:22+00:00,37.64012021943927,-121.92309530451894,
2021-07-14 15:15:24+00:00,37.6401411741972,-121.92309429869056,288.0
2021-07-14 15:15:26+00:00,37.64016321860254,-121.92308926954865,
2021-07-14 15:15:29+00:00,37.64018417336047,-121.92310033366084,
2021-07-14 15:15:41+00:00,37.640268160030246,-121.92316026426852,291.0
2021-07-14 15:15:50+00:00,37.64036723412573,-121.92313528619707,
2021-07-14 15:15:58+00:00,37.640460189431906,-121.92315733060241,295.0
2021-07-14 15:16:06+00:00,37.640549037605524,-121.92312598228455,
2021-07-14 15:16:14+00:00,37.640640987083316,-121.92311701364815,
2021-07-14 15:16:25+00:00,37.64073897153139,-121.923106033355,
2021-07-14 15:16:27+00:00,37.6407659612596,-121.92309899255633,301.0
2021-07-14 15:16:29+00:00,37.6407849881798,-121.92308298312128,302.0
2021-07-14 15:16:31+00:00,37.64079999178648,-121.92306898534298,302.0
2021-07-14 15:16:39+00:00,37.640874003991485,-121.92298902198672,304.0
2021-07-14 15:16:47+00:00,37.640958996489644,-121.92293596453965,
2021-07-14 15:16:55+00:00,37.6410389598459,-121.9228689931333,
2021-07-14 15:17:04+00:00,37.641108529642224,-121.92278257571161,309.0
2021-07-14 15:17:14+00:00,37.64118648134172,-121.92272163927555,311.0
2021-07-14 15:17:19+00:00,37.64123149216175,-121.92267361097038,
2021-07-14 15:17:26+00:00,37.64129846356809,-121.92258358933032,313.0
2021-07-14 15:17:33+00:00,37.641371469944715,-121.92249759100378,313.0
2021-07-14 15:17:44+00:00,37.64146350324154,-121.92243858240545,
2021-07-14 15:17:47+00:00,37.64150650240481,-121.92241963930428,314.0
2021-07-14 15:17:49+00:00,37.64152452349663,-121.92241561599076,
2021-07-14 15:17:59+00:00,37.6415173150599,-121.92253421992064,315.0
2021-07-14 15:18:05+00:00,37.6414932589978,-121.92261820659041,315.0
2021-07-14 15:18:14+00:00,37.64145730063319,-121.92272423766553,316.0
2021-07-14 15:18:27+00:00,37.641398292034864,-121.9228121638298,
2021-07-14 15:18:35+00:00,37.64134230092168,-121.92290520295501,
2021-07-14 15:18:46+00:00,37.64129729010165,-121.92292221821845,
2021-07-14 15:19:10+00:00,37.641261080279946,-121.92303068004549,320.0
2021-07-14 15:19:19+00:00,37.64119913801551,-121.92312070168555,321.0
2021-07-14 15:19:25+00:00,37.64118212275207,-121.92318272776902,321.0
2021-07-14 15:19:27+00:00,37.64118212275207,-121.92321566864848,322.0
2021-07-14 15:19:32+00:00,37.64115706086159,-121.92328171804547,
2021-07-14 15:19:38+00:00,37.641125125810504,-121.92334466613829,324.0
2021-07-14 15:19:41+00:00,37.641109116375446,-121.92336067557335,
2021-07-14 15:19:44+00:00,37.64109411276877,-121.92338473163545,325.0
2021-07-14 15:19:46+00:00,37.641082126647234,-121.923404680565,
2021-07-14 15:19:48+00:00,37.64106712304056,-121.9234186783433,326.0
2021-07-14 15:19:50+00:00,37.64104809612036,-121.92342773079872,326.0
2021-07-14 15:19:58+00:00,37.640957068651915,-121.92338967695832,326.0
2021-07-14 15:20:05+00:00,37.64087777584791,-121.9234651979059,327.0
2021-07-14 15:20:08+00:00,37.640857826918364,-121.92349419929087,328.0
2021-07-14 15:20:10+00:00,37.640841817483306,-121.92352420650423,
2021-07-14 15:20:13+00:00,37.640816839411855,-121.92353216931224,
2021-07-14 15:20:15+00:00,37.640798818320036,-121.92354516126215,329.0
2021-07-14 15:20:22+00:00,37.6407487783581,-121.92363216541708,330.0
2021-07-14 15:20:24+00:00,37.64072681777179,-121.92365722730756,330.0
2021-07-14 15:20:26+00:00,37.64071382582188,-121.92368522286415,330.0
2021-07-14 15:20:28+00:00,37.64070376753807,-121.92371724173427,330.0
2021-07-14 15:20:30+00:00,37.64069982804358,-121.92374917678535,331.0
2021-07-14 15:20:32+00:00,37.640692787244916,-121.92378220148385,
2021-07-14 15:20:34+00:00,37.640685830265284,-121.92382318899035,331.0
2021-07-14 15:20:35+00:00,37.6406848244369,-121.92386115901172,331.0
2021-07-14 15:20:38+00:00,37.640688763931394,-121.92389820702374,332.0
2021-07-14 15:20:40+00:00,37.64068775810301,-121.92393223755062,
2021-07-14 15:20:42+00:00,37.640685830265284,-121.92396719008684,332.0
2021-07-14 15:20:44+00:00,37.64068775810301,-121.92400323227048,332.0
2021-07-14 15:20:46+00:00,37.640689769759774,-121.9240381848067,332.0
2021-07-14 15:20:48+00:00,37.6406937930733,-121.92407221533358,332.0
2021-07-14 15:20:50+00:00,37.6406988222152,-121.9241042342037,333.0
2021-07-14 15:20:52+00:00,37.64070779085159,-121.92413323558867,333.0
2021-07-14 15:20:54+00:00,37.64071776531637,-121.92416517063975,
2021-07-14 15:20:56+00:00,37.64072681777179,-121.92419417202473,334.0
2021-07-14 15:20:58+00:00,37.64074081555009,-121.92421923391521,334.0
2021-07-14 15:21:00+00:00,37.640760596841574,-121.92423281259835,335.0
2021-07-14 15:21:02+00:00,37.64077660627663,-121.9242527615279,335.0
2021-07-14 15:21:04+00:00,37.64079563319683,-121.9242717884481,336.0
2021-07-14 15:21:06+00:00,37.64081558212638,-121.92428176291287,336.0
2021-07-14 15:21:08+00:00,37.6408386323601,-121.92428980953991,336.0
2021-07-14 15:21:10+00:00,37.64086159877479,-121.92429483868182,
2021-07-14 15:21:12+00:00,37.64088758267462,-121.92429777234793,337.0
2021-07-14 15:21:14+00:00,37.640910632908344,-121.92429978400469,337.0
2021-07-14 15:21:16+00:00,37.64093158766627,-121.92429978400469,338.0
2021-07-14 15:21:18+00:00,37.640958577394485,-121.92429282702506,
2021-07-14 15:21:20+00:00,37.64098162762821,-121.92428478039801,339.0
2021-07-14 15:21:22+00:00,37.64100358821452,-121.92427681759,340.0
2021-07-14 15:21:24+00:00,37.641021609306335,-121.92427380010486,341.0
2021-07-14 15:21:26+00:00,37.641040636226535,-121.92426776513457,
2021-07-14 15:21:28+00:00,37.64106058515608,-121.92425980232656,341.0
2021-07-14 15:21:31+00:00,37.641085563227534,-121.9242437928915,342.0
2021-07-14 15:21:33+00:00,37.64110358431935,-121.92423281259835,342.0
2021-07-14 15:21:35+00:00,37.641125628724694,-121.92421881482005,343.0
2021-07-14 15:21:36+00:00,37.64114557765424,-121.92420884035528,342.0
2021-07-14 15:21:39+00:00,37.64116259291768,-121.92419576458633,343.0
2021-07-14 15:21:41+00:00,37.64117960818112,-121.92418579012156,
2021-07-14 15:21:44+00:00,37.64120458625257,-121.92417078651488,344.0
2021-07-14 15:21:47+00:00,37.64122763648629,-121.92415377125144,345.0
2021-07-14 15:21:49+00:00,37.64124356210232,-121.9241417851299,345.0
2021-07-14 15:21:51+00:00,37.641260577365756,-121.92412879317999,346.0
2021-07-14 15:21:53+00:00,37.641278598457575,-121.92411881871521,346.0
2021-07-14 15:21:55+00:00,37.641296619549394,-121.92411177791655,347.0
2021-07-14 15:21:58+00:00,37.641320591792464,-121.92410180345178,
2021-07-14 15:22:00+00:00,37.64134003780782,-121.9240936730057,348.0
2021-07-14 15:22:02+00:00,37.64135696925223,-121.9240847043693,349.0
2021-07-14 15:22:04+00:00,37.64137499034405,-121.92407573573291,349.0
2021-07-14 15:22:06+00:00,37.641392005607486,-121.92406768910587,349.0
2021-07-14 15:22:08+00:00,37.641410026699305,-121.92405670881271,350.0
2021-07-14 15:22:11+00:00,37.64142796397209,-121.92404472269118,351.0
2021-07-14 15:22:13+00:00,37.64144799672067,-121.9240386877209,351.0
2021-07-14 15:22:16+00:00,37.64147297479212,-121.92402569577098,351.0
2021-07-14 15:22:19+00:00,37.641495019197464,-121.92401471547782,352.0
2021-07-14 15:22:22+00:00,37.64151304028928,-121.92400172352791,353.0
2021-07-14 15:22:25+00:00,37.64153097756207,-121.92399568855762,354.0
2021-07-14 15:22:27+00:00,37.64154799282551,-121.92398671992123,355.0
2021-07-14 15:22:29+00:00,37.64156802557409,-121.92397867329419,355.0
2021-07-14 15:22:32+00:00,37.64158898033202,-121.92396467551589,355.0
2021-07-14 15:22:35+00:00,37.64161203056574,-121.92395268939435,355.0
2021-07-14 15:22:37+00:00,37.641629967838526,-121.92394573241472,356.0
2021-07-14 15:22:40+00:00,37.64165502972901,-121.92392871715128,357.0
2021-07-14 15:22:41+00:00,37.641671961173415,-121.92391673102975,357.0
2021-07-14 15:22:44+00:00,37.64168897643685,-121.92390566691756,358.0
2021-07-14 15:22:46+00:00,37.64170699752867,-121.92389971576631,359.0
2021-07-14 15:22:48+00:00,37.64173096977174,-121.92388471215963,359.0
2021-07-14 15:22:51+00:00,37.64174899086356,-121.92387565970421,360.0
2021-07-14 15:22:53+00:00,37.64176902361214,-121.92386266775429,
2021-07-14 15:22:55+00:00,37.64178897254169,-121.92385068163276,361.0
2021-07-14 15:22:57+00:00,37.64180900529027,-121.92383869551122,361.0
2021-07-14 15:22:59+00:00,37.64182568527758,-121.92382897250354,361.0
2021-07-14 15:23:01+00:00,37.64184169471264,-121.92381396889687,
2021-07-14 15:23:03+00:00,37.64185870997608,-121.92380198277533,363.0
2021-07-14 15:23:05+00:00,37.641874719411135,-121.92378899082541,363.0
2021-07-14 15:23:07+00:00,37.64189274050295,-121.92377801053226,363.0
2021-07-14 15:23:09+00:00,37.64190866611898,-121.92376501858234,363.0
2021-07-14 15:23:11+00:00,37.6419266872108,-121.92375202663243,365.0
2021-07-14 15:23:13+00:00,37.641945714131,-121.92374004051089,365.0
2021-07-14 15:23:15+00:00,37.641961723566055,-121.92372696474195,366.0
2021-07-14 15:23:18+00:00,37.641984689980745,-121.9237210135907,366.0
2021-07-14 15:23:21+00:00,37.642008662223816,-121.92371003329754,366.0
2021-07-14 15:23:23+00:00,37.642025677487254,-121.92369201220572,
2021-07-14 15:23:26+00:00,37.642047721892595,-121.92367499694228,
2021-07-14 15:23:28+00:00,37.642067670822144,-121.92366301082075,369.0
2021-07-14 15:23:30+00:00,37.64208770357072,-121.92364800721407,369.0
2021-07-14 15:23:32+00:00,37.64210371300578,-121.92363602109253,369.0
2021-07-14 15:23:34+00:00,37.6421217340976,-121.92361598834395,
2021-07-14 15:23:36+00:00,37.64213673770428,-121.92359696142375,371.0
2021-07-14 15:23:37+00:00,37.6421526633203,-121.92357399500906,371.0
2021-07-14 15:23:40+00:00,37.6421666610986,-121.92355102859437,
2021-07-14 15:23:42+00:00,37.64218468219042,-121.92353401333094,
2021-07-14 15:23:44+00:00,37.642199685797095,-121.92351398058236,373.0
2021-07-14 15:23:45+00:00,37.642217706888914,-121.92349696531892,373.0
2021-07-14 15:23:48+00:00,37.64223069883883,-121.92347500473261,374.0
2021-07-14 15:23:50+00:00,37.64224670827389,-121.92345899529755,
2021-07-14 15:23:52+00:00,37.642262717708945,-121.92344097420573,375.0
2021-07-14 15:23:54+00:00,37.64227772131562,-121.9234239589423,376.0
2021-07-14 15:23:57+00:00,37.64229666441679,-121.92339797504246,376.0
2021-07-14 15:23:59+00:00,37.64231082983315,-121.92338112741709,376.0
2021-07-14 15:24:01+00:00,37.642320804297924,-121.92335908301175,377.0
2021-07-14 15:24:02+00:00,37.64233178459108,-121.92334013991058,377.0
2021-07-14 15:24:05+00:00,37.642344776540995,-121.92332211881876,377.0
2021-07-14 15:24:07+00:00,37.64235776849091,-121.92330309189856,
2021-07-14 15:24:09+00:00,37.64237578958273,-121.92328507080674,378.0
2021-07-14 15:24:11+00:00,37.64239582233131,-121.92326210439205,378.0
2021-07-14 15:24:13+00:00,37.64241476543248,-121.923246094957,378.0
2021-07-14 15:24:15+00:00,37.642429769039154,-121.92323008552194,378.0
2021-07-14 15:24:17+00:00,37.64244183897972,-121.9232130702585,379.0
2021-07-14 15:24:19+00:00,37.64245483092964,-121.92319211550057,379.0
2021-07-14 15:24:21+00:00,37.64246178790927,-121.92317208275199,380.0
2021-07-14 15:24:23+00:00,37.642472768202424,-121.92315112799406,379.0
2021-07-14 15:24:25+00:00,37.64248483814299,-121.92313109524548,
2021-07-14 15:24:27+00:00,37.642493806779385,-121.92310913465917,380.0
2021-07-14 15:24:29+00:00,37.64250478707254,-121.92308709025383,381.0
2021-07-14 15:24:31+00:00,37.64251476153731,-121.92306311801076,381.0
2021-07-14 15:24:33+00:00,37.64252280816436,-121.9230420794338,
2021-07-14 15:24:35+00:00,37.642535800114274,-121.92302213050425,381.0
2021-07-14 15:24:36+00:00,37.64255080372095,-121.92300410941243,382.0
2021-07-14 15:24:39+00:00,37.64256781898439,-121.92298307083547,
2021-07-14 15:24:41+00:00,37.64258382841945,-121.92296010442078,382.0
2021-07-14 15:24:43+00:00,37.64259380288422,-121.92293512634933,
2021-07-14 15:24:45+00:00,37.642605789005756,-121.92290713079274,383.0
2021-07-14 15:24:47+00:00,37.64262079261243,-121.92288609221578,384.0
2021-07-14 15:24:49+00:00,37.64263177290559,-121.92286010831594,384.0
2021-07-14 15:24:51+00:00,37.642642837017775,-121.92283906973898,384.0
2021-07-14 15:24:53+00:00,37.64265683479607,-121.92281811498106,385.0
2021-07-14 15:24:55+00:00,37.642665803432465,-121.92279808223248,385.0
2021-07-14 15:24:57+00:00,37.6426727604121,-121.92277310416102,385.0
2021-07-14 15:24:59+00:00,37.64268072322011,-121.92274720408022,385.0
2021-07-14 15:25:01+00:00,37.64268566854298,-121.92272423766553,
2021-07-14 15:25:03+00:00,37.64269572682679,-121.92270420491695,386.0
2021-07-14 15:25:05+00:00,37.64270972460508,-121.92268618382514,386.0
2021-07-14 15:25:07+00:00,37.64272171072662,-121.92266321741045,387.0
2021-07-14 15:25:09+00:00,37.64273067936301,-121.9226411730051,
2021-07-14 15:25:11+00:00,37.64274367131293,-121.92262021824718,388.0
2021-07-14 15:25:13+00:00,37.642757669091225,-121.9226001854986,388.0
2021-07-14 15:25:15+00:00,37.6427726726979,-121.9225811585784,389.0
2021-07-14 15:25:17+00:00,37.64278868213296,-121.92256221547723,
2021-07-14 15:25:19+00:00,37.64280469156802,-121.92254520021379,389.0
2021-07-14 15:25:21+00:00,37.6428247243166,-121.92253421992064,390.0
2021-07-14 15:25:23+00:00,37.642841739580035,-121.92252122797072,390.0
2021-07-14 15:25:25+00:00,37.6428606826812,-121.9225082360208,
2021-07-14 15:25:27+00:00,37.6428797096014,-121.92250119522214,390.0
2021-07-14 15:25:29+00:00,37.64290167018771,-121.92249918356538,390.0
2021-07-14 15:25:31+00:00,37.642926732078195,-121.922498177737,391.0
2021-07-14 15:25:33+00:00,37.642949698492885,-121.92249516025186,391.0
2021-07-14 15:25:35+00:00,37.642972664907575,-121.92249516025186,391.0
2021-07-14 15:25:37+00:00,37.64299772679806,-121.92249516025186,392.0
2021-07-14 15:25:39+00:00,37.64302169904113,-121.92249918356538,392.0
2021-07-14 15:25:41+00:00,37.64304365962744,-121.92250622436404,392.0
2021-07-14 15:25:43+00:00,37.64306570403278,-121.9225082360208,393.0
2021-07-14 15:25:45+00:00,37.64308665879071,-121.92251016385853,393.0
2021-07-14 15:25:47+00:00,37.64310669153929,-121.92251519300044,
2021-07-14 15:25:49+00:00,37.64312873594463,-121.92252323962748,393.0
2021-07-14 15:25:51+00:00,37.64315170235932,-121.92252919077873,393.0
2021-07-14 15:25:53+00:00,37.64317274093628,-121.92253220826387,
2021-07-14 15:25:55+00:00,37.64319973066449,-121.92253220826387,
2021-07-14 15:25:57+00:00,37.64322269707918,-121.92252717912197,
2021-07-14 15:25:59+00:00,37.64324549585581,-121.92252131178975,394.0
2021-07-14 15:26:01+00:00,37.64327248558402,-121.92251628264785,394.0
2021-07-14 15:26:03+00:00,37.64329352416098,-121.92251133732498,395.0
2021-07-14 15:26:05+00:00,37.64331548474729,-121.92249926738441,396.0
2021-07-14 15:26:07+00:00,37.64333752915263,-121.92249029874802,396.0
2021-07-14 15:26:09+00:00,37.64335948973894,-121.92247931845486,396.0
2021-07-14 15:26:11+00:00,37.64338446781039,-121.92246926017106,397.0
2021-07-14 15:26:13+00:00,37.643408523872495,-121.92246129736304,397.0
2021-07-14 15:26:15+00:00,37.64342947863042,-121.92244830541313,397.0
2021-07-14 15:26:17+00:00,37.64344749972224,-121.92243430763483,397.0
2021-07-14 15:26:19+00:00,37.64346451498568,-121.92242030985653,
2021-07-14 15:26:21+00:00,37.6434825360775,-121.92241134122014,398.0
2021-07-14 15:26:23+00:00,37.64350147917867,-121.92239725962281,399.0
2021-07-14 15:26:25+00:00,37.64352251775563,-121.9223803281784,399.0
2021-07-14 15:26:27+00:00,37.643541460856795,-121.92236331291497,
2021-07-14 15:26:29+00:00,37.6435655169189,-121.92234830930829,400.0
2021-07-14 15:26:31+00:00,37.64358848333359,-121.92233129404485,
2021-07-14 15:26:33+00:00,37.64360751025379,-121.92231327295303,400.0
2021-07-14 15:26:35+00:00,37.643627459183335,-121.92229332402349,401.0
2021-07-14 15:26:37+00:00,37.64364447444677,-121.92227530293167,401.0
2021-07-14 15:26:39+00:00,37.64366148971021,-121.92225828766823,401.0
2021-07-14 15:26:41+00:00,37.64367749914527,-121.92224127240479,
2021-07-14 15:26:43+00:00,37.64369350858033,-121.92222434096038,402.0
2021-07-14 15:26:45+00:00,37.643712535500526,-121.92220631986856,402.0
2021-07-14 15:26:47+00:00,37.64373047277331,-121.9221903104335,402.0
2021-07-14 15:26:49+00:00,37.64374949969351,-121.92217329517007,
2021-07-14 15:26:51+00:00,37.64376651495695,-121.92215627990663,402.0
2021-07-14 15:26:53+00:00,37.64378252439201,-121.92213926464319,403.0
2021-07-14 15:26:55+00:00,37.643797527998686,-121.92212333902717,403.0
2021-07-14 15:26:57+00:00,37.64381353743374,-121.92210934124887,
2021-07-14 15:26:59+00:00,37.64383130706847,-121.9220924936235,404.0
2021-07-14 15:27:01+00:00,37.64385033398867,-121.92207749001682,404.0
2021-07-14 15:27:03+00:00,37.643865337595344,-121.92206148058176,405.0
2021-07-14 15:27:05+00:00,37.64388226903975,-121.92204446531832,
2021-07-14 15:27:07+00:00,37.64389727264643,-121.92202451638877,
2021-07-14 15:27:09+00:00,37.643908336758614,-121.92200247198343,
2021-07-14 15:27:11+00:00,37.64391730539501,-121.92197849974036,
2021-07-14 15:27:13+00:00,37.64392929151654,-121.92195452749729,406.0
2021-07-14 15:27:15+00:00,37.6439402718097,-121.92193047143519,407.0
2021-07-14 15:27:17+00:00,37.643955275416374,-121.92190649919212,408.0
2021-07-14 15:27:19+00:00,37.64396633952856,-121.92188051529229,
2021-07-14 15:27:21+00:00,37.643978325650096,-121.92185352556407,408.0
2021-07-14 15:27:22+00:00,37.643997268751264,-121.92182653583586,408.0
2021-07-14 15:27:25+00:00,37.64401126652956,-121.92180348560214,408.0
2021-07-14 15:27:27+00:00,37.64402727596462,-121.92177850753069,
2021-07-14 15:27:29+00:00,37.644043285399675,-121.92175151780248,409.0
2021-07-14 15:27:31+00:00,37.64405728317797,-121.92172653973103,409.0
2021-07-14 15:27:33+00:00,37.64406926929951,-121.92169946618378,409.0
2021-07-14 15:27:35+00:00,37.644080333411694,-121.92167046479881,
2021-07-14 15:27:36+00:00,37.64409231953323,-121.92164548672736,409.0
2021-07-14 15:27:39+00:00,37.64410128816962,-121.92161749117076,409.0
2021-07-14 15:27:41+00:00,37.64410933479667,-121.92158647812903,410.0
2021-07-14 15:27:43+00:00,37.64412031508982,-121.92155353724957,410.0
2021-07-14 15:27:45+00:00,37.644126266241074,-121.92152252420783,411.0
2021-07-14 15:27:47+00:00,37.644130289554596,-121.92148748785257,411.0
2021-07-14 15:27:49+00:00,37.644130289554596,-121.92145546898246,411.0
2021-07-14 15:27:51+00:00,37.644129283726215,-121.92142453975976,411.0
2021-07-14 15:27:53+00:00,37.6441213209182,-121.92138849757612,412.0
2021-07-14 15:27:55+00:00,37.64411729760468,-121.92135346122086,413.0
2021-07-14 15:27:57+00:00,37.6441112626344,-121.92132353782654,
2021-07-14 15:27:59+00:00,37.64410464093089,-121.92129151895642,414.0
2021-07-14 15:28:01+00:00,37.644095588475466,-121.92126352339983,414.0
2021-07-14 15:28:03+00:00,37.64408863149583,-121.92124047316611,414.0
2021-07-14 15:28:05+00:00,37.64408259652555,-121.92120946012437,
2021-07-14 15:28:07+00:00,37.64407756738365,-121.92117853090167,414.0
2021-07-14 15:28:09+00:00,37.644073627889156,-121.9211495295167,414.0
2021-07-14 15:28:11+00:00,37.64406759291887,-121.9211165048182,414.0
2021-07-14 15:28:13+00:00,37.64405560679734,-121.92108750343323,
2021-07-14 15:28:15+00:00,37.6440436206758,-121.9210615195334,415.0
2021-07-14 15:28:17+00:00,37.64403456822038,-121.92103452980518,416.0
2021-07-14 15:28:19+00:00,37.644029622897506,-121.92100552842021,416.0
2021-07-14 15:28:21+00:00,37.64402358792722,-121.92097652703524,416.0
2021-07-14 15:28:23+00:00,37.64401763677597,-121.92094752565026,417.0
2021-07-14 15:28:25+00:00,37.64401461929083,-121.92091852426529,417.0
2021-07-14 15:28:27+00:00,37.64401361346245,-121.9208854995668,
2021-07-14 15:28:29+00:00,37.6440195646137,-121.92085146903992,418.0
2021-07-14 15:28:31+00:00,37.64403163455427,-121.92082246765494,418.0
2021-07-14 15:28:42+00:00,37.644049571827054,-121.92079849541187,419.0
2021-07-14 15:28:44+00:00,37.64406164176762,-121.92078047432005,
2021-07-14 15:28:47+00:00,37.64408058486879,-121.9207554962486,419.0
2021-07-14 15:28:49+00:00,37.644095588475466,-121.9207364693284,419.0
2021-07-14 15:29:29+00:00,37.64411578886211,-121.92074870690703,419.0
2021-07-14 15:29:32+00:00,37.64414177276194,-121.92074669525027,419.0
2021-07-14 15:29:34+00:00,37.64415979385376,-121.92073470912874,420.0
2021-07-14 15:29:36+00:00,37.64417580328882,-121.92071970552206,
2021-07-14 15:29:39+00:00,37.64420078136027,-121.92070671357214,421.0
2021-07-14 15:29:41+00:00,37.64421880245209,-121.92070168443024,
2021-07-14 15:29:43+00:00,37.644236823543906,-121.92069673910737,421.0
2021-07-14 15:29:45+00:00,37.644259789958596,-121.92069070413709,422.0
2021-07-14 15:29:47+00:00,37.644277811050415,-121.92068869248033,422.0
2021-07-14 15:29:49+00:00,37.64429775997996,-121.9206846691668,423.0
2021-07-14 15:29:51+00:00,37.644321816042066,-121.9206817355007,423.0
2021-07-14 15:29:53+00:00,37.644345788285136,-121.92067871801555,423.0
2021-07-14 15:29:55+00:00,37.64436783269048,-121.92067871801555,423.0
2021-07-14 15:29:57+00:00,37.64439381659031,-121.92067670635879,424.0
2021-07-14 15:29:59+00:00,37.64441887848079,-121.92067502997816,425.0
2021-07-14 15:30:00+00:00,37.64444092288613,-121.92067603580654,425.0
2021-07-14 15:30:03+00:00,37.644465900957584,-121.92067997530103,426.0
2021-07-14 15:30:05+00:00,37.644489873200655,-121.92068198695779,426.0
2021-07-14 15:30:07+00:00,37.644511917605996,-121.92068601027131,426.0
2021-07-14 15:30:09+00:00,37.64453588984907,-121.92068701609969,426.0
2021-07-14 15:30:11+00:00,37.64455894008279,-121.92068299278617,
2021-07-14 15:30:13+00:00,37.64458291232586,-121.92067704163492,427.0
2021-07-14 15:30:15+00:00,37.64460990205407,-121.92067100666463,427.0
2021-07-14 15:30:17+00:00,37.6446358859539,-121.92066203802824,427.0
2021-07-14 15:30:19+00:00,37.644660864025354,-121.92065298557281,
2021-07-14 15:30:21+00:00,37.644683914259076,-121.92064896225929,427.0
2021-07-14 15:30:23+00:00,37.64470788650215,-121.92064301110804,428.0
2021-07-14 15:30:25+00:00,37.64473487623036,-121.92063303664327,428.0
2021-07-14 15:30:27+00:00,37.64476186595857,-121.92061996087432,
2021-07-14 15:30:29+00:00,37.644787933677435,-121.92060797475278,429.0
2021-07-14 15:30:31+00:00,37.64482188038528,-121.92059699445963,430.0
2021-07-14 15:30:33+00:00,37.64484887011349,-121.92058802582324,431.0
2021-07-14 15:30:35+00:00,37.644876865670085,-121.92057997919619,431.0
2021-07-14 15:30:37+00:00,37.64490586705506,-121.9205710105598,431.0
2021-07-14 15:30:39+00:00,37.6449329406023,-121.92056396976113,431.0
2021-07-14 15:30:41+00:00,37.644958924502134,-121.92055600695312,431.0
2021-07-14 15:30:43+00:00,37.644984908401966,-121.92055298946798,432.0
2021-07-14 15:30:45+00:00,37.6450108923018,-121.92055097781122,
2021-07-14 15:30:47+00:00,37.64503587037325,-121.92055097781122,433.0
2021-07-14 15:30:49+00:00,37.64505892060697,-121.92054997198284,433.0
2021-07-14 15:30:51+00:00,37.64508289285004,-121.9205519836396,433.0
2021-07-14 15:30:53+00:00,37.64510787092149,-121.92055097781122,
2021-07-14 15:30:55+00:00,37.645131926983595,-121.92053899168968,433.0
2021-07-14 15:30:56+00:00,37.645153887569904,-121.92052097059786,433.0
2021-07-14 15:30:59+00:00,37.64517668634653,-121.9205015245825,
2021-07-14 15:31:01+00:00,37.64520166441798,-121.9204824976623,434.0
2021-07-14 15:31:03+00:00,37.64522370882332,-121.92046447657049,434.0
2021-07-14 15:31:05+00:00,37.6452437415719,-121.92044846713543,434.0
2021-07-14 15:31:07+00:00,37.64526268467307,-121.9204325415194,
2021-07-14 15:31:09+00:00,37.64528573490679,-121.92041452042758,435.0
2021-07-14 15:31:10+00:00,37.64530870132148,-121.92039649933577,435.0
2021-07-14 15:31:13+00:00,37.64532772824168,-121.92038250155747,436.0
2021-07-14 15:31:15+00:00,37.64534767717123,-121.92036347463727,437.0
2021-07-14 15:31:17+00:00,37.64536569826305,-121.92034352570772,437.0
2021-07-14 15:31:18+00:00,37.64538371935487,-121.92032651044428,437.0
2021-07-14 15:31:21+00:00,37.645402662456036,-121.92030547186732,438.0
2021-07-14 15:31:23+00:00,37.645419677719474,-121.92028552293777,439.0
2021-07-14 15:31:25+00:00,37.64542973600328,-121.92026347853243,439.0
2021-07-14 15:31:27+00:00,37.645442727953196,-121.92023850046098,439.0
2021-07-14 15:31:29+00:00,37.64546066522598,-121.92021553404629,439.0
2021-07-14 15:31:31+00:00,37.64547172933817,-121.92018946632743,440.0
2021-07-14 15:31:34+00:00,37.64547969214618,-121.92015350796282,440.0
2021-07-14 15:31:37+00:00,37.645485727116466,-121.92011847160757,
2021-07-14 15:31:39+00:00,37.64549368992448,-121.9200944993645,441.0
2021-07-14 15:31:41+00:00,37.64550467021763,-121.92006449215114,442.0
2021-07-14 15:31:43+00:00,37.64552269130945,-121.92003549076617,443.0
2021-07-14 15:31:45+00:00,37.64553668908775,-121.9200115185231,443.0
2021-07-14 15:31:46+00:00,37.645548675209284,-121.91998251713812,443.0
2021-07-14 15:31:49+00:00,37.64556367881596,-121.91995452158153,444.0
2021-07-14 15:31:51+00:00,37.64557767659426,-121.91992753185332,444.0
2021-07-14 15:31:53+00:00,37.645591674372554,-121.91990045830607,445.0
2021-07-14 15:31:55+00:00,37.64560173265636,-121.91986852325499,445.0
2021-07-14 15:31:57+00:00,37.64560366049409,-121.91984346136451,445.0
2021-07-14 15:31:59+00:00,37.645606426522136,-121.91981680691242,445.0
2021-07-14 15:32:01+00:00,37.645604414865375,-121.91979182884097,
2021-07-14 15:32:03+00:00,37.64559938572347,-121.91976978443563,445.0
2021-07-14 15:32:05+00:00,37.64559041708708,-121.91974681802094,445.0
2021-07-14 15:32:07+00:00,37.64558136463165,-121.91972376778722,445.0
2021-07-14 15:32:41+00:00,37.645583376288414,-121.91970080137253,445.0
2021-07-14 15:34:19+00:00,37.64557139016688,-121.91971840336919,447.0
2021-07-14 15:34:38+00:00,37.64555839821696,-121.91973541863263,
2021-07-14 15:34:49+00:00,37.645567366853356,-121.91975637339056,447.0
2021-07-14 15:35:18+00:00,37.64557298272848,-121.91977799870074,448.0
2021-07-14 15:36:40+00:00,37.64557088725269,-121.91979107446969,449.0
